{
  "total_samples": 50,
  "evaluated_samples": 50,
  "accuracy": 0.56,
  "f1_macro": 0.5436,
  "f1_weighted": 0.5221,
  "precision_macro": 0.6458,
  "recall_macro": 0.6083,
  "per_class": {
    "SUPPORTED": {
      "precision": 0.4375,
      "recall": 1.0,
      "f1-score": 0.6086956521739131,
      "support": 14.0
    },
    "REFUTED": {
      "precision": 0.8333333333333334,
      "recall": 0.625,
      "f1-score": 0.7142857142857143,
      "support": 16.0
    },
    "NOT ENOUGH INFO": {
      "precision": 0.6666666666666666,
      "recall": 0.2,
      "f1-score": 0.3076923076923077,
      "support": 20.0
    },
    "accuracy": 0.56,
    "macro avg": {
      "precision": 0.6458333333333334,
      "recall": 0.6083333333333333,
      "f1-score": 0.5435578913839784,
      "support": 50.0
    },
    "weighted avg": {
      "precision": 0.6558333333333334,
      "recall": 0.56,
      "f1-score": 0.5220831342570473,
      "support": 50.0
    }
  },
  "confusion_matrix": [
    [
      14,
      0,
      0
    ],
    [
      4,
      10,
      2
    ],
    [
      14,
      2,
      4
    ]
  ],
  "confusion_matrix_labels": [
    "SUPPORTED",
    "REFUTED",
    "NOT ENOUGH INFO"
  ],
  "error_count": 0
}